x,y
0,6
31,6
62,11
93,22
122,39
154,66
269,203
356,354
407,494
432,635
432,766
420,836
401,890
379,929
344,971
321,990
291,1007
259,1018
290,1018
322,1024
354,1036
386,1054
417,1080
450,1119
543,1280
598,1431
622,1566
622,1712
600,1837
579,1895
551,1943
523,1976
495,2000
451,2025
422,2036
392,2041
425,2041
456,2046
487,2057
519,2076
552,2104
584,2142
666,2284
728,2454
752,2592
752,2711
727,2851
682,2974
642,3043
610,3081
577,3109
545,3128
510,3141
476,3147
405,3147
435,3147
467,3153
510,3169
541,3187
574,3215
607,3255
639,3310
703,3484
729,3629
729,3745
710,3854
661,3989
598,4099
543,4164
505,4196
474,4214
441,4226
407,4232
375,4232
346,4227
377,4227
407,4232
440,4244
470,4261
503,4289
536,4329
572,4392
607,4488
634,4641
634,4788
616,4888
585,4974
531,5068
439,5177
319,5278
149,5376
22,5422
-57,5436
-112,5436
-156,5428
-191,5415
-214,5402
-234,5386
-250,5367
-220,5367
-197,5371
-171,5380
-147,5394
-118,5418
-87,5454
-53,5513
-19,5607
8,5758
8,5920
-7,6006
-34,6081
-79,6159
-165,6261
-280,6358
-389,6421
-507,6464
-574,6476
-625,6476
-674,6467
-707,6455
-733,6440
-753,6423
-773,6399
-746,6399
-719,6404
-693,6413
-668,6427
-646,6445
-624,6471
-597,6518
-567,6601
-553,6683
-553,6758
-567,6838
-600,6929
-659,7031
-760,7151
-846,7223
-943,7279
-1001,7300
-1046,7308
-1082,7308
-1114,7302
-1158,7286
-1182,7272
-1204,7253
-1097,7253
-1069,7258
-1044,7267
-1021,7281
-996,7302
-969,7334
-947,7372
-920,7447
-893,7601
-893,7673
-906,7746
-932,7819
-974,7891
-1044,7974
-1136,8051
-1225,8102
-1341,8144
-1445,8162
-1525,8162
-1571,8154
-1603,8142
-1631,8126
-1651,8109
-1667,8090
-1678,8071
-1654,8071
-1629,8075
-1604,8084
-1582,8097
-1547,8127
-1523,8155
-1497,8201
-1475,8262
-1447,8422
-1447,8492
-1460,8563
-1485,8632
-1523,8698
-1584,8771
-1659,8834
-1739,8880
-1810,8906
-1925,8926
-2022,8926
-2081,8916
-2139,8895
-2169,8878
-2191,8859
-2207,8840
-2218,8821
-2226,8800
-2204,8800
-2181,8804
-2159,8812
-2136,8825
-2112,8845
-2087,8875
-2062,8918
-2035,8993
-2005,9164
-2005,9243
-2018,9315
-2043,9383
-2079,9445
-2179,9564
-2248,9622
-2322,9665
-2415,9699
-2478,9710
-2562,9710
-2667,9692
-2765,9656
-2818,9626
-2853,9597
-2884,9560
-2912,9512
-2921,9486
-2925,9461
-2925,9439
-2903,9439
-2879,9443
-2854,9452
-2833,9464
-2811,9483
-2789,9509
-2764,9551
-2737,9624
-2704,9809
-2704,9893
-2717,9968
-2742,10037
-2784,10109
-2835,10170
-2903,10227
-2950,10254
-3005,10274
-3086,10288
-3188,10288
-3243,10278
-3279,10265
-3309,10248
-3334,10227
-3361,10195
-3397,10133
-3451,9984
-3404,9984
-3372,9990
-3351,9998
-3325,10013
-3297,10036
-3267,10072
-3228,10139
-3166,10309
-3150,10399
-3150,10480
-3164,10557
-3193,10635
-3250,10733
-3298,10790
-3360,10842
-3395,10862
-3443,10879
-3505,10890
-3577,10890
-3686,10871
-3739,10852
-3774,10832
-3798,10812
-3816,10791
-3829,10769
-3838,10745
-3847,10695
-3828,10695
-3725,10713
-3668,10734
-3630,10756
-3603,10779
-3583,10803
-3560,10842
-3535,10910
-3513,11032
-3513,11124
-3528,11206
-3555,11281
-3591,11343
-3619,11377
-3648,11401
-3686,11423
-3738,11442
-3799,11453
-3964,11453
-4063,11435
-4109,11418
-4141,11399
-4165,11379
-4183,11358
-4194,11338
-4202,11315
-4206,11294
-4186,11294
-4166,11298
-4146,11305
-4124,11318
-4084,11352
-4055,11387
-4031,11428
-4008,11491
-3985,11621
-3985,11732
-4001,11825
-4029,11903
-4093,12014
-4140,12070
-4169,12094
-4201,12112
-4240,12126
-4289,12135
-4342,12135
-4405,12124
-4558,12068
-4639,12021
-4680,11987
-4701,11961
-4716,11935
-4724,11913
-4728,11889
-4728,11865
-4724,11843
-4703,11843
-4681,11847
-4657,11856
-4631,11871
-4607,11891
-4581,11921
-4548,11978
-4523,12047
-4496,12198
-4496,12331
-4514,12436
-4530,12479
-4549,12512
-4576,12544
-4606,12569
-4639,12588
-4676,12601
-4712,12607
-4753,12607
-4849,12590
-4961,12549
-5100,12468
-5177,12403
-5218,12354
-5239,12317
-5251,12284
-5256,12257
-5256,12233
-5252,12213
-5243,12188
-5218,12188
-5190,12193
-5164,12202
-5137,12218
-5112,12239
-5088,12268
-5060,12317
-5027,12408
-4995,12590
-4995,12649
-5004,12700
-5020,12743
-5036,12771
-5058,12797
-5095,12828
-5154,12862
-5251,12897
-5325,12910
-5410,12910
-5502,12894
-5611,12854
-5746,12776
-5849,12690
-5895,12635
-5921,12591
-5935,12553
-5941,12517
-5941,12463
-5926,12381
-5916,12354
-5850,12354
-5815,12360
-5789,12369
-5758,12387
-5725,12415
-5693,12453
-5650,12527
-5623,12602
-5612,12665
-5612,12713
-5620,12761
-5639,12813
-5675,12876
-5740,12953
-5795,12999
-5857,13035
-5931,13062
-6014,13077
-6110,13077
-6223,13057
-6370,13004
-6484,12938
-6537,12894
-6570,12855
-6591,12819
-6602,12789
-6608,12757
-6608,12728
-6603,12697
-6575,12697
-6545,12702
-6517,12712
-6462,12744
-6423,12776
-6394,12811
-6364,12863
-6332,12951
-6317,13036
-6317,13091
-6328,13156
-6358,13239
-6398,13309
-6466,13391
-6518,13435
-6579,13470
-6647,13495
-6720,13508
-6803,13508
-6895,13492
-7011,13450
-7143,13374
-7243,13290
-7291,13233
-7317,13188
-7331,13151
-7337,13115
-7337,13079
-7332,13051
-7322,13025
-7289,13025
-7256,13031
-7223,13043
-7192,13061
-7143,13102
-7109,13143
-7074,13204
-7036,13307
-7017,13412
-7017,13474
-7029,13543
-7060,13629
-7100,13698
-7160,13769
-7209,13811
-7267,13845
-7327,13867
-7391,13878
-7461,13878
-7534,13865
-7613,13836
-7710,13780
-7814,13692
-7905,13584
-7954,13500
-7974,13444
-7983,13393
-7983,13353
-7977,13316
-7965,13283
-7948,13254
-7906,13254
-7863,13262
-7821,13277
-7760,13312
-7716,13349
-7672,13401
-7629,13475
-7578,13614
-7563,13702
-7563,13760
-7574,13820
-7601,13894
-7636,13955
-7690,14019
-7735,14056
-7783,14084
-7833,14102
-7890,14112
-7951,14112
-8017,14100
-8090,14073
-8172,14026
-8266,13947
-8389,13801
-8482,13639
-8519,13536
-8532,13461
-8532,13402
-8523,13351
-8508,13310
-8487,13274
-8460,13242
-8410,13242
-8304,13261
-8245,13282
-8197,13309
-8148,13350
-8102,13405
-8050,13494
-7997,13639
-7990,13679
-7990,13722
-7999,13770
-8014,13811
-8045,13864
-8079,13905
-8142,13958
-8185,13983
-8230,13999
-8283,14008
-8337,14008
-8395,13998
-8459,13975
-8531,13934
-8625,13855
-8740,13718
-8803,13609
-8833,13526
-8845,13457
-8845,13399
-8835,13343
-8818,13297
-8794,13255
-8743,13255
-8699,13263
-8651,13280
-8604,13307
-8555,13348
-8498,13416
-8429,13535
-8404,13603
-8398,13638
-8398,13670
-8404,13704
-8417,13740
-8448,13793
-8483,13835
-8547,13889
-8621,13932
-8671,13950
-8729,13960
-8793,13960
-8869,13947
-8954,13916
-9072,13848
-9220,13724
-9338,13583
-9401,13473
-9427,13400
-9438,13338
-9438,13285
-9429,13234
-9414,13192
-9390,13151
-9206,13151
-9162,13159
-9129,13171
-9099,13188
-9066,13216
-9035,13253
-9002,13309
-8963,13415
-8951,13485
-8951,13541
-8959,13584
-8974,13626
-8999,13669
-9042,13720
-9098,13767
-9192,13821
-9251,13843
-9322,13855
-9397,13855
-9486,13839
-9585,13803
-9707,13733
-9821,13638
-9876,13573
-9906,13521
-9923,13473
-9930,13434
-9930,13396
-9924,13362
-9904,13308
-9854,13308
-9828,13313
-9805,13321
-9782,13334
-9756,13356
-9730,13387
-9698,13442
-9645,13588
-9632,13661
-9632,13723
-9641,13772
-9661,13827
-9701,13896
-9755,13960
-9819,14014
-9885,14052
-9962,14080
-10052,14096
-10156,14096
-10279,14074
-10439,14016
-10520,13969
-10561,13935
-10588,13903
-10603,13877
-10612,13852
-10616,13829
-10616,13805
-10609,13763
-10556,13763
-10526,13768
-10508,13775
-10492,13784
-10481,13793
-10471,13804
-10460,13823
-10446,13861
-10430,13951
-10430,14033
-10441,14097
-10460,14149
-10496,14212
-10554,14281
-10627,14343
-10707,14389
-10797,14422
-10901,14440
-11022,14440
-11171,14414
-11313,14362
-11345,14343
-11358,14332
-11366,14323
-11372,14313
-11377,14301
-11380,14286
-11380,14269
-11372,14226
-11321,14226
-11286,14232
-11263,14240
-11246,14250
-11234,14260
-11225,14271
-11219,14282
-11214,14295
-11212,14306
-11212,14321
-11244,14503
-11275,14589
-11315,14658
-11358,14709
-11420,14761
-11509,14812
-11604,14846
-11705,14864
-11814,14864
-11930,14843
-12058,14796
-12201,14714
-12207,14709
-12211,14704
-12214,14699
-12216,14693
-12217,14688
-12217,14679
-12216,14671
-12214,14665
-12207,14653
-12188,14630
-12137,14630
-12099,14637
-12077,14645
-12059,14655
-12045,14667
-12035,14679
-12028,14691
-12024,14702
-12022,14714
-12022,14728
-12024,14742
-12029,14755
-12038,14771
-12099,14844
-12160,14895
-12240,14941
-12344,14979
-12451,14998
-12564,14998
-12680,14977
-12686,14975
-12691,14972
-12697,14967
-12700,14963
-12703,14958
-12704,14956
-12705,14950
-12705,14949
-12704,14945
-12703,14942
-12700,14936
-12694,14929
-12687,14923
-12675,14916
-12640,14903
-12589,14903
-12558,14908
-12535,14916
-12518,14926
-12504,14938
-12494,14950
-12489,14959
-12484,14972
-12482,14986
-12482,14999
-12485,15015
-12490,15029
-12497,15042
-12509,15056
-12584,15119
-12665,15166
-12779,15207
-12899,15228
-13021,15228
-13034,15226
-13042,15223
-13050,15219
-13057,15213
-13062,15207
-13064,15203
-13066,15198
-13068,15189
-13068,15183
-13067,15178
-13064,15170
-13059,15162
-13052,15154
-13045,15148
-13031,15140
-12993,15126
-12951,15126
-12923,15131
-12906,15137
-12894,15144
-12882,15154
-12875,15163
-12869,15173
-12864,15188
-12862,15199
-12862,15212
-12864,15226
-12868,15237
-12878,15254
-12891,15269
-12911,15286
-12994,15334
-13114,15378
-13242,15401
-13268,15401
-13286,15398
-13293,15395
-13301,15390
-13305,15387
-13308,15384
-13310,15380
-13313,15372
-13314,15366
-13314,15360
-13313,15353
-13311,15348
-13308,15344
-13301,15336
-13291,15328
-13276,15319
-13244,15307
-13192,15307
-13158,15313
-13140,15320
-13124,15329
-13111,15340
-13102,15350
-13096,15360
-13092,15370
-13090,15383
-13090,15396
-13092,15410
-13098,15426
-13107,15442
-13120,15458
-13141,15476
-13176,15496
-13307,15544
-13447,15569
-13463,15569
-13479,15566
-13491,15562
-13497,15558
-13502,15554
-13503,15553
-13506,15547
-13509,15540
-13510,15535
-13510,15530
-13509,15523
-13507,15518
-13504,15513
-13498,15506
-13487,15497
-13469,15486
-13435,15474
-13390,15474
-13366,15478
-13348,15485
-13332,15494
-13322,15502
-13314,15511
-13310,15519
-13306,15529
-13304,15541
-13304,15554
-13307,15568
-13312,15582
-13320,15596
-13332,15610
-13353,15628
-13387,15648
-13534,15702
-13686,15729
-13714,15729
-13729,15726
-13737,15723
-13746,15718
-13750,15714
-13754,15709
-13756,15705
-13758,15700
-13759,15696
-13759,15690
-13758,15682
-13756,15676
-13752,15670
-13746,15663
-13738,15656
-13722,15647
-13694,15637
-13626,15637
-13597,15642
-13577,15649
-13562,15658
-13552,15666
-13544,15676
-13537,15688
-13533,15700
-13531,15712
-13531,15725
-13533,15738
-13538,15753
-13546,15767
-13559,15782
-13579,15799
-13615,15820
-13774,15878
-13942,15908
-13963,15908
-13975,15906
-13979,15905
-13984,15902
-13988,15899
-13993,15894
-13994,15892
-13995,15890
-13996,15885
-13996,15880
-13995,15876
-13992,15869
-13989,15865
-13985,15860
-13978,15854
-13966,15847
-13946,15840
-13891,15840
-13862,15845
-13843,15852
-13827,15861
-13815,15871
-13806,15882
-13800,15892
-13796,15904
-13794,15917
-13794,15930
-13796,15942
-13802,15958
-13812,15976
-13824,15990
-13845,16008
-13886,16031
-14056,16093
-14124,16105
-14138,16105
-14147,16103
-14156,16100
-14162,16097
-14166,16094
-14169,16091
-14172,16085
-14173,16082
-14174,16079
-14174,16076
-14173,16072
-14172,16068
-14171,16066
-14168,16062
-14162,16057
-14155,16053
-14134,16045
-14079,16045
-14035,16053
-14016,16060
-14002,16068
-13992,16076
-13984,16086
-13978,16096
-13974,16106
-13972,16117
-13972,16130
-13975,16145
-13979,16157
-13985,16168
-13997,16182
-14016,16198
-14050,16218
-14139,16250
-14225,16265
-14248,16265
-14256,16264
-14264,16261
-14267,16259
-14270,16256
-14274,16251
-14276,16247
-14277,16244
-14277,16242
-14277,16235
-14276,16231
-14274,16227
-14272,16223
-14269,16219
-14263,16214
-14253,16208
-14215,16194
-14163,16194
-14132,16200
-14097,16213
-14064,16232
-14052,16242
-14044,16251
-14038,16261
-14035,16270
-14033,16283
-14033,16294
-14035,16304
-14040,16317
-14047,16329
-14057,16341
-14072,16354
-14101,16371
-14191,16404
-14287,16421
-14301,16421
-14311,16419
-14321,16415
-14327,16412
-14331,16408
-14332,16407
-14334,16404
-14335,16401
-14335,16399
-14335,16395
-14334,16387
-14331,16380
-14328,16374
-14322,16367
-14298,16347
-14272,16332
-14245,16322
-14194,16322
-14168,16327
-14150,16334
-14131,16345
-14107,16365
-14080,16398
-14050,16451
-14045,16464
-14043,16473
-14043,16485
-14045,16499
-14050,16513
-14058,16527
-14071,16543
-14099,16567
-14180,16614
-14283,16652
-14305,16656
-14318,16656
-14326,16655
-14333,16652
-14337,16649
-14342,16645
-14345,16641
-14348,16635
-14376,16558
-14384,16511
-14384,16481
-14380,16456
-14372,16435
-14362,16417
-14350,16402
-14329,16384
-14131,16384
-14083,16392
-14055,16402
-14038,16412
-14028,16421
-14018,16432
-14010,16445
-14001,16470
-13990,16535
-13990,16579
-13994,16604
-13999,16618
-14006,16630
-14014,16640
-14032,16655
-14058,16670
-14130,16696
-14246,16717
-14267,16717
-14278,16715
-14291,16710
-14303,16703
-14318,16690
-14334,16670
-14352,16638
-14379,16565
-14404,16425
-14404,16382
-14401,16366
-14396,16352
-14390,16342
-14385,16336
-14375,16328
-14362,16320
-14330,16308
-14141,16308
-14098,16316
-14071,16326
-14056,16335
-14047,16343
-14039,16352
-14033,16362
-14029,16372
-14027,16382
-14027,16392
-14029,16405
-14045,16449
-14062,16479
-14080,16500
-14099,16516
-14118,16527
-14147,16538
-14218,16550
-14348,16550
-14377,16545
-14396,16538
-14415,16527
-14436,16509
-14457,16484
-14478,16447
-14479,16443
-14480,16440
-14480,16436
-14479,16431
-14478,16428
-14476,16425
-14473,16422
-14467,16417
-14458,16412
-14447,16408
-14413,16402
-14214,16402
-14167,16410
-14140,16420
-14124,16429
-14111,16440
-14102,16451
-14095,16464
-14092,16473
-14090,16486
-14090,16498
-14092,16509
-14097,16521
-14104,16534
-14115,16547
-14144,16571
-14172,16587
-14204,16599
-14275,16612
-14390,16612
-14421,16607
-14428,16604
-14433,16601
-14439,16596
-14443,16591
-14446,16586
-14447,16583
-14448,16580
-14448,16575
-14447,16570
-14445,16565
-14443,16561
-14440,16558
-14439,16557
-14433,16553
-14420,16548
-14388,16542
-14202,16542
-14161,16549
-14137,16558
-14119,16568
-14106,16579
-14097,16590
-14091,16601
-14088,16610
-14086,16623
-14086,16633
-14088,16643
-14092,16653
-14099,16665
-14107,16675
-14119,16685
-14137,16695
-14175,16709
-14247,16722
-14375,16722
-14393,16719
-14402,16716
-14409,16712
-14412,16710
-14417,16704
-14421,16697
-14422,16693
-14423,16687
-14423,16681
-14422,16677
-14419,16669
-14415,16662
-14412,16659
-14408,16655
-14400,16650
-14388,16645
-14348,16638
-14171,16638
-14127,16646
-14103,16655
-14089,16663
-14079,16672
-14071,16681
-14064,16692
-14059,16705
-14057,16716
-14057,16726
-14059,16735
-14064,16748
-14070,16759
-14080,16771
-14093,16782
-14112,16793
-14143,16804
-14207,16815
-14345,16815
-14364,16812
-14376,16808
-14384,16804
-14388,16801
-14392,16796
-14394,16793
-14396,16787
-14397,16782
-14397,16777
-14397,16774
-14395,16768
-14393,16764
-14390,16760
-14383,16754
-14374,16749
-14359,16743
-14310,16734
-14148,16734
-14106,16741
-14085,16749
-14070,16758
-14060,16766
-14052,16775
-14047,16784
-14043,16794
-14041,16804
-14041,16813
-14043,16822
-14047,16832
-14054,16844
-14064,16855
-14074,16863
-14095,16875
-14124,16886
-14190,16898
-14342,16898
-14368,16893
-14382,16888
-14395,16881
-14402,16875
-14406,16870
-14409,16865
-14411,16860
-14412,16853
-14412,16846
-14411,16840
-14410,16836
-14406,16828
-14400,16821
-14393,16815
-14382,16809
-14358,16800
-14281,16786
-14130,16786
-14081,16795
-14059,16803
-14045,16811
-14036,16819
-14029,16827
-14025,16834
-14022,16842
-14020,16853
-14020,16862
-14022,16872
-14025,16881
-14030,16890
-14039,16900
-14050,16909
-14067,16919
-14094,16929
-14169,16942
-14332,16942
-14358,16937
-14373,16932
-14385,16925
-14391,16920
-14397,16913
-14402,16905
-14405,16897
-14406,16893
-14406,16884
-14405,16880
-14402,16873
-14397,16865
-14391,16857
-14380,16848
-14364,16839
-14339,16830
-14270,16818
-14124,16818
-14081,16826
-14060,16834
-14047,16841
-14036,16851
-14028,16861
-14022,16871
-14019,16878
-14017,16888
-14017,16897
-14019,16906
-14023,16917
-14029,16927
-14038,16938
-14050,16948
-14067,16958
-14096,16969
-14184,16985
-14348,16985
-14372,16981
-14384,16977
-14394,16971
-14400,16966
-14409,16955
-14414,16947
-14417,16939
-14418,16931
-14418,16924
-14416,16915
-14413,16906
-14407,16896
-14400,16887
-14390,16879
-14375,16870
-14324,16851
-14264,16840
-14087,16840
-14033,16850
-14003,16861
-13978,16876
-13964,16888
-13956,16898
-13950,16909
-13947,16918
-13945,16929
-13945,16942
-13947,16954
-13951,16965
-13958,16977
-13969,16990
-13984,17003
-14004,17014
-14036,17026
-14133,17043
-14242,17043
-14261,17040
-14276,17035
-14285,17030
-14293,17023
-14299,17016
-14304,17007
-14306,17003
-14307,16995
-14307,16988
-14306,16981
-14304,16974
-14301,16969
-14297,16964
-14288,16956
-14251,16935
-14212,16921
-14164,16913
-14113,16913
-14080,16919
-14059,16927
-14036,16940
-14011,16961
-13987,16990
-13904,17134
-13900,17146
-13898,17156
-13898,17168
-13900,17178
-13905,17192
-13914,17207
-13926,17222
-13946,17239
-13982,17260
-14079,17295
-14132,17304
-14153,17304
-14164,17302
-14173,17299
-14178,17296
-14182,17293
-14188,17286
-14191,17281
-14193,17276
-14195,17267
-14195,17262
-14194,17254
-14173,17195
-14141,17140
-14117,17111
-14092,17090
-14064,17074
-14025,17060
-13975,17060
-13941,17066
-13920,17074
-13906,17082
-13893,17093
-13881,17107
-13866,17132
-13806,17296
-13786,17411
-13786,17437
-13789,17455
-13794,17468
-13802,17482
-13815,17497
-13836,17515
-13871,17535
-13952,17564
-14011,17574
-14032,17574
-14044,17572
-14056,17568
-14065,17563
-14072,17557
-14082,17545
-14094,17524
-14111,17477
-14141,17305
-14141,17242
-14131,17187
-14110,17130
-14095,17105
-14078,17085
-14058,17068
-14036,17055
-14002,17043
-13804,17043
-13760,17051
-13734,17060
-13713,17072
-13700,17083
-13693,17092
-13687,17102
-13683,17112
-13681,17123
-13681,17135
-13683,17147
-13699,17192
-13715,17219
-13731,17238
-13748,17252
-13769,17264
-13806,17277
-13895,17293
-13968,17293
-13993,17289
-14011,17283
-14030,17272
-14050,17255
-14068,17233
-14089,17197
-14111,17138
-14135,17004
-14135,16950
-14126,16897
-14119,16878
-14110,16862
-14101,16851
-14090,16842
-14078,16835
-14059,16828
-14016,16820
-13830,16820
-13785,16828
-13761,16837
-13743,16848
-13729,16859
-13718,16872
-13711,16884
-13706,16897
-13704,16909
-13704,16919
-13706,16933
-13710,16943
-13717,16955
-13725,16964
-13751,16986
-13777,17001
-13808,17012
-13893,17027
-13978,17027
-14008,17022
-14038,17011
-14065,16995
-14102,16964
-14131,16929
-14162,16876
-14195,16786
-14198,16769
-14198,16758
-14197,16752
-14195,16745
-14190,16737
-14185,16731
-14177,16724
-14165,16717
-14142,16709
-14099,16701
-13906,16701
-13863,16709
-13839,16718
-13822,16728
-13811,16737
-13801,16748
-13794,16760
-13790,16771
-13787,16788
-13787,16801
-13790,16815
-13795,16830
-13801,16840
-13814,16855
-13829,16868
-13849,16879
-13886,16893
-13970,16908
-14044,16908
-14084,16901
-14123,16887
-14170,16860
-14176,16855
-14180,16850
-14183,16846
-14185,16841
-14186,16833
-14186,16823
-14184,16813
-14182,16806
-14178,16799
-14175,16795
-14166,16787
-14154,16780
-14135,16773
-14096,16766
-14044,16766
-14012,16772
-13993,16779
-13977,16788
-13967,16797
-13958,16808
-13952,16819
-13948,16831
-13946,16843
-13946,16858
-13949,16873
-13955,16889
-13964,16905
-13976,16919
-13995,16935
-14036,16959
-14127,16992
-14203,17005
-14254,17005
-14266,17003
-14277,16999
-14282,16996
-14290,16989
-14293,16985
-14295,16981
-14297,16975
-14298,16970
-14298,16963
-14297,16957
-14294,16950
-14290,16944
-14284,16937
-14275,16929
-14262,16921
-14230,16910
-14170,16910
-14140,16915
-14120,16922
-14106,16930
-14095,16939
-14087,16948
-14080,16961
-14076,16972
-14074,16983
-14074,16997
-14077,17012
-14082,17025
-14090,17039
-14106,17058
-14128,17076
-14166,17098
-14262,17133
-14325,17144
-14339,17144
-14353,17141
-14363,17137
-14369,17134
-14374,17130
-14377,17126
-14379,17123
-14380,17120
-14381,17116
-14381,17110
-14380,17107
-14378,17102
-14376,17098
-14372,17093
-14363,17086
-14352,17080
-14321,17069
-14272,17069
-14242,17074
-14219,17082
-14206,17090
-14195,17099
-14187,17109
-14181,17119
-14177,17130
-14175,17143
-14175,17160
-14178,17178
-14183,17193
-14191,17207
-14203,17222
-14225,17241
-14263,17263
-14356,17297
-14431,17310
-14453,17310
-14464,17308
-14471,17306
-14478,17302
-14481,17300
-14484,17297
-14486,17294
-14488,17290
-14489,17284
-14489,17279
-14488,17274
-14487,17271
-14484,17267
-14481,17264
-14475,17259
-14466,17254
-14438,17244
-14385,17244
-14352,17250
-14315,17263
-14300,17272
-14288,17282
-14280,17292
-14273,17304
-14270,17313
-14268,17327
-14268,17340
-14270,17353
-14275,17366
-14284,17382
-14298,17399
-14316,17414
-14352,17435
-14449,17470
-14536,17485
-14553,17485
-14558,17484
-14565,17481
-14569,17479
-14575,17474
-14579,17470
-14581,17466
-14583,17460
-14584,17456
-14584,17453
-14584,17451
-14583,17447
-14581,17443
-14579,17441
-14572,17435
-14561,17429
-14531,17418
-14470,17418
-14438,17424
-14413,17433
-14390,17446
-14363,17468
-14334,17503
-14326,17516
-14322,17528
-14320,17542
-14320,17557
-14323,17574
-14329,17591
-14339,17608
-14352,17624
-14375,17643
-14415,17666
-14525,17706
-14560,17712
-14567,17712
-14574,17711
-14581,17709
-14584,17707
-14584,17707
-14585,17706
-14586,17705
-14587,17702
-14587,17701
-14587,17698
-14587,17696
-14586,17693
-14585,17692
-14583,17690
-14579,17687
-14571,17683
-14550,17676
-14493,17676
-14459,17682
-14438,17690
-14420,17700
-14406,17712
-14391,17730
-14374,17759
-14345,17840
-14342,17859
-14342,17872
-14345,17889
-14352,17907
-14364,17928
-14382,17950
-14415,17978
-14511,18034
-14556,18050
-14568,18052
-14577,18052
-14580,18051
-14584,18049
-14587,18047
-14588,18046
-14590,18044
-14592,18041
-14593,18039
-14593,18039
-14593,18037
-14592,18033
-14590,18029
-14586,18023
-14580,18016
-14571,18009
-14551,17998
-14497,17998
-14465,18004
-14442,18012
-14425,18022
-14415,18030
-14407,18040
-14401,18050
-14397,18060
-14395,18072
-14395,18256
-14402,18294
-14412,18322
-14423,18341
-14437,18358
-14461,18379
-14496,18399
-14609,18440
-14666,18450
-14680,18450
-14686,18449
-14694,18446
-14700,18442
-14703,18439
-14707,18434
-14708,18432
-14709,18429
-14709,18426
-14709,18424
-14708,18420
-14706,18415
-14703,18410
-14701,18408
-14696,18404
-14686,18398
-14656,18387
-14601,18387
-14574,18392
-14551,18400
-14535,18409
-14524,18418
-14515,18429
-14508,18441
-14504,18453
-14502,18463
-14502,18473
-14504,18487
-14509,18502
-14527,18533
-14549,18559
-14573,18579
-14609,18600
-14710,18637
-14776,18649
-14792,18649
-14799,18648
-14805,18646
-14809,18644
-14814,18640
-14818,18636
-14820,18633
-14822,18628
-14823,18622
-14823,18620
-14822,18617
-14819,18610
-14813,18599
-14806,18591
-14794,18581
-14779,18573
-14754,18564
-14700,18564
-14670,18569
-14650,18576
-14636,18584
-14626,18592
-14618,18601
-14611,18612
-14607,18622
-14605,18636
-14605,18650
-14607,18664
-14611,18676
-14619,18689
-14631,18703
-14662,18729
-14698,18750
-14785,18782
-14865,18796
-14881,18796
-14894,18794
-14905,18790
-14914,18785
-14919,18780
-14924,18774
-14928,18767
-14931,18758
-14933,18749
-14933,18744
-14931,18735
-14929,18730
-14924,18722
-14920,18718
-14911,18710
-14899,18703
-14867,18691
-14820,18691
-14793,18696
-14775,18703
-14758,18713
-14748,18721
-14738,18733
-14733,18742
-14729,18752
-14728,18760
-14728,18770
-14730,18779
-14735,18792
-14742,18803
-14754,18817
-14771,18831
-14803,18849
-14885,18879
-14976,18895
-15003,18895
-15024,18891
-15034,18887
-15043,18882
-15048,18877
-15053,18871
-15057,18864
-15060,18857
-15061,18851
-15061,18845
-15060,18842
-15058,18835
-15055,18831
-15051,18826
-15042,18818
-15029,18810
-14985,18794
-14937,18794
-14909,18799
-14890,18806
-14876,18814
-14865,18823
-14859,18830
-14854,18839
-14851,18848
-14849,18858
-14849,18869
-14851,18880
-14854,18890
-14860,18901
-14872,18915
-14890,18930
-14919,18947
-14997,18975
-15100,18993
-15135,18993
-15149,18991
-15158,18988
-15166,18984
-15171,18980
-15178,18972
-15182,18964
-15185,18957
-15186,18952
-15186,18945
-15185,18941
-15184,18938
-15179,18930
-15173,18923
-15164,18915
-15142,18903
-15086,18883
-15047,18883
-15021,18888
-15001,18895
-14988,18903
-14978,18912
-14968,18924
-14963,18933
-14960,18942
-14958,18951
-14958,18963
-14960,18973
-14964,18984
-14970,18995
-14982,19009
-14997,19022
-15024,19038
-15098,19065
-15213,19085
-15242,19085
-15259,19082
-15269,19078
-15276,19074
-15283,19068
-15289,19061
-15294,19053
-15297,19046
-15299,19037
-15299,19030
-15297,19021
-15295,19015
-15291,19008
-15281,18996
-15271,18988
-15252,18977
-15192,18955
-15145,18955
-15116,18960
-15097,18967
-15084,18975
-15071,18986
-15061,18998
-15056,19006
-15052,19017
-15050,19026
-15050,19038
-15052,19050
-15057,19063
-15065,19076
-15075,19087
-15091,19100
-15122,19118
-15201,19147
-15296,19164
-15325,19164
-15337,19162
-15350,19157
-15356,19153
-15362,19148
-15365,19144
-15368,19139
-15371,19131
-15372,19123
-15372,19115
-15371,19107
-15368,19099
-15362,19089
-15354,19079
-15345,19071
-15329,19062
-15277,19043
-15220,19043
-15189,19049
-15171,19056
-15158,19064
-15147,19073
-15138,19084
-15132,19094
-15128,19105
-15126,19117
-15126,19129
-15128,19141
-15132,19152
-15141,19168
-15154,19184
-15172,19199
-15204,19218
-15295,19251
-15385,19267
-15407,19267
-15420,19265
-15433,19260
-15439,19256
-15443,19252
-15447,19247
-15452,19238
-15454,19232
-15456,19222
-15456,19216
-15455,19211
-15454,19207
-15451,19202
-15445,19195
-15437,19189
-15419,19179
-15372,19162
-15321,19162
-15293,19167
-15274,19174
-15261,19182
-15249,19192
-15242,19201
-15235,19212
-15232,19220
-15230,19233
-15230,19244
-15232,19257
-15236,19269
-15245,19284
-15257,19298
-15278,19315
-15307,19332
-15381,19359
-15479,19376
-15503,19376
-15518,19373
-15525,19370
-15535,19364
-15540,19360
-15544,19356
-15547,19352
-15549,19345
-15550,19341
-15550,19334
-15549,19327
-15546,19318
-15541,19309
-15535,19301
-15523,19291
-15507,19282
-15474,19270
-15432,19270
-15399,19276
-15381,19283
-15367,19291
-15356,19300
-15347,19310
-15340,19322
-15337,19331
-15335,19342
-15335,19352
-15337,19364
-15341,19374
-15347,19385
-15357,19397
-15374,19411
-15404,19428
-15473,19453
-15587,19473
-15617,19473
-15633,19470
-15649,19464
-15659,19458
-15665,19453
-15668,19449
-15671,19444
-15674,19436
-15675,19429
-15675,19421
-15674,19415
-15672,19408
-15667,19399
-15656,19385
-15642,19374
-15624,19363
-15596,19353
-15561,19353
-15539,19357
-15523,19363
-15508,19372
-15496,19382
-15488,19392
-15482,19402
-15478,19412
-15476,19422
-15476,19430
-15478,19441
-15482,19452
-15488,19462
-15498,19474
-15513,19486
-15538,19501
-15605,19525
-15733,19548
-15762,19548
-15784,19544
-15799,19539
-15811,19532
-15819,19525
-15824,19519
-15830,19509
-15833,19501
-15835,19489
-15835,19479
-15834,19471
-15830,19461
-15825,19452
-15818,19444
-15807,19435
-15791,19426
-15775,19420
-15713,19420
-15695,19423
-15679,19429
-15667,19436
-15658,19444
-15650,19453
-15643,19464
-15639,19474
-15637,19484
-15637,19497
-15639,19508
-15642,19515
-15648,19525
-15658,19537
-15675,19551
-15701,19566
-15766,19590
-15902,19614
-15940,19614
-15960,19610
-15976,19604
-15988,19597
-15995,19591
-16001,19584
-16005,19578
-16008,19570
-16009,19563
-16009,19556
-16008,19549
-16005,19540
-16001,19533
-15995,19525
-15990,19521
-15970,19510
-15915,19490
-15856,19490
-15838,19493
-15822,19499
-15813,19504
-15805,19511
-15799,19518
-15796,19523
-15794,19530
-15793,19538
-15793,19550
-15795,19560
-15799,19572
-15807,19585
-15818,19598
-15833,19610
-15863,19627
-15931,19652
-16064,19676
-16104,19676
-16129,19672
-16141,19668
-16150,19663
-16152,19661
-16155,19657
-16158,19652
-16160,19646
-16161,19642
-16161,19634
-16159,19624
-16156,19616
-16152,19608
-16146,19600
-16134,19590
-16115,19579
-16063,19560
-16004,19560
-15964,19567
-15929,19580
-15917,19587
-15910,19593
-15907,19596
-15904,19601
-15901,19610
-15899,19622
-15899,19632
-15901,19641
-15904,19649
-15911,19662
-15922,19675
-15942,19692
-15971,19709
-16045,19736
-16178,19759
-16190,19759
-16201,19757
-16213,19752
-16225,19745
-16231,19740
-16238,19732
-16242,19725
-16244,19720
-16245,19712
-16245,19705
-16244,19698
-16241,19689
-16237,19682
-16229,19673
-16217,19663
-16196,19651
-16142,19631
-16078,19631
-16041,19638
-16011,19649
-15982,19666
-15958,19686
-15933,19716
-15902,19770
-15864,19874
-15863,19882
-15863,19893
-15865,19903
-15869,19915
-15876,19927
-15885,19938
-15902,19952
-15931,19969
-16013,19999
-16116,20017
-16138,20017
-16147,20015
-16158,20011
-16165,20007
-16171,20002
-16175,19998
-16179,19991
-16180,19988
-16181,19983
-16181,19978
-16180,19973
-16178,19968
-16174,19961
-16168,19954
-16160,19947
-16142,19936
-16098,19920
-16027,19920
-15986,19927
-15958,19937
-15938,19948
-15916,19966
-15899,19987
-15886,20009
-15868,20059
-15849,20168
-15849,20214
-15853,20239
-15859,20256
-15867,20269
-15879,20283
-15899,20300
-15942,20325
-16033,20358
-16064,20364
-16081,20364
-16090,20362
-16098,20359
-16105,20355
-16110,20351
-16113,20348
-16116,20343
-16117,20341
-16118,20336
-16118,20329
-16117,20325
-16115,20320
-16111,20313
-16103,20304
-16093,20296
-16079,20288
-16047,20276
-15986,20276
-15945,20283
-15920,20292
-15899,20304
-15885,20316
-15872,20331
-15862,20349
-15853,20374
-15849,20397
-15849,20487
-15858,20538
-15871,20573
-15886,20599
-15903,20619
-15923,20635
-15954,20653
-16039,20684
-16079,20691
-16095,20691
-16105,20689
-16113,20686
-16120,20682
-16124,20678
-16129,20672
-16131,20668
-16133,20663
-16134,20657
-16134,20649
-16133,20643
-16130,20635
-16127,20630
-16123,20625
-16115,20618
-16104,20612
-15989,20570
-15927,20570
-15889,20577
-15860,20587
-15840,20599
-15825,20611
-15815,20623
-15807,20638
-15802,20653
-15799,20667
-15799,20697
-15803,20722
-15823,20776
-15847,20817
-15871,20845
-15899,20868
-15929,20886
-16013,20916
-16066,20925
-16089,20925
-16103,20923
-16114,20919
-16122,20914
-16126,20910
-16129,20907
-16132,20902
-16134,20896
-16135,20890
-16135,20884
-16134,20878
-16132,20872
-16128,20866
-16122,20858
-16112,20849
-16099,20842
-15978,20798
-15783,20798
-15728,20808
-15692,20821
-15669,20834
-15652,20848
-15639,20863
-15631,20877
-15625,20895
-15622,20910
-15622,20926
-15625,20943
-15631,20959
-15642,20978
-15664,21004
-15707,21040
-15746,21062
-15788,21077
-15870,21091
-15934,21091
-15961,21086
-15973,21082
-15982,21077
-15988,21072
-15993,21066
-15996,21061
-15998,21056
-15999,21049
-15999,21042
-15998,21037
-15996,21032
-15993,21026
-15988,21020
-15982,21015
-15972,21009
-15909,20986
-15710,20951
-15522,20951
-15481,20958
-15449,20970
-15427,20983
-15410,20997
-15397,21013
-15389,21027
-15383,21044
-15380,21062
-15380,21080
-15383,21098
-15391,21119
-15403,21139
-15423,21163
-15468,21201
-15514,21228
-15613,21264
-15662,21273
-15676,21273
-15684,21272
-15690,21270
-15693,21268
-15696,21266
-15697,21264
-15699,21261
-15699,21260
-15699,21257
-15699,21256
-15699,21254
-15698,21252
-15695,21246
-15666,21211
-15629,21180
-15581,21152
-15480,21115
-15301,21115
-15260,21122
-15233,21132
-15213,21144
-15198,21157
-15186,21172
-15176,21190
-15170,21205
-15167,21222
-15167,21242
-15170,21261
-15177,21280
-15187,21297
-15205,21319
-15233,21343
-15289,21375
-15390,21412
-15444,21422
-15458,21422
-15464,21421
-15472,21418
-15478,21415
-15485,21409
-15492,21401
-15498,21391
-15515,21344
-15522,21302
-15522,21264
-15515,21225
-15502,21189
-15483,21156
-15456,21124
-15421,21095
-15379,21071
-15211,21010
-15043,21010
-15011,21016
-14990,21024
-14974,21033
-14961,21044
-14951,21056
-14943,21070
-14937,21086
-14934,21103
-14934,21119
-14937,21139
-14945,21161
-14958,21184
-14980,21211
-15038,21260
-15130,21313
-15193,21336
-15209,21339
-15224,21339
-15241,21336
-15257,21330
-15360,21270
-15409,21229
-15442,21189
-15463,21153
-15476,21117
-15482,21085
-15482,21052
-15476,21020
-15463,20985
-15445,20953
-15420,20923
-15372,20883
-15226,20798
-15065,20798
-15038,20803
-15017,20811
-15001,20820
-14985,20833
-14972,20849
-14963,20865
-14957,20882
-14954,20900
-14954,20921
-14958,20945
-14969,20974
-14989,21009
-15041,21071
-15131,21147
-15153,21160
-15174,21168
-15198,21172
-15338,21172
-15408,21160
-15458,21142
-15494,21121
-15524,21096
-15543,21074
-15557,21049
-15566,21023
-15570,20999
-15570,20972
-15565,20942
-15555,20914
-15529,20869
-15426,20746
-15271,20746
-15240,20751
-15214,20761
-15192,20774
-15174,20789
-15158,20808
-15146,20829
-15137,20854
-15132,20884
-15132,20919
-15140,20962
-15160,21016
-15205,21093
-15222,21114
-15243,21131
-15267,21145
-15316,21163
-15488,21193
-15619,21193
-15668,21184
-15702,21172
-15731,21156
-15746,21143
-15760,21126
-15769,21110
-15775,21093
-15778,21076
-15778,21059
-15775,21041
-15768,21021
-15756,21000
-15727,20966
-15702,20966
-15540,20994
-15387,21050
-15354,21069
-15324,21094
-15303,21119
-15286,21149
-15274,21183
-15268,21220
-15268,21263
-15276,21309
-15296,21365
-15310,21390
-15327,21410
-15347,21427
-15374,21443
-15418,21459
-15508,21475
-15658,21475
-15719,21464
-15747,21454
-15770,21440
-15786,21427
-15796,21415
-15802,21405
-15806,21395
-15808,21383
-15808,21371
-15806,21359
-15802,21348
-15795,21336
-15786,21325
-15770,21311
-15755,21311
-15728,21316
-15670,21337
-15630,21360
-15594,21390
-15567,21422
-15546,21459
-15532,21497
-15524,21542
-15524,21591
-15534,21646
-15541,21667
-15551,21684
-15566,21701
-15588,21720
-15618,21738
-15669,21757
-15854,21790
-15988,21790
-16032,21782
-16056,21773
-16070,21765
-16084,21753
-16094,21741
-16100,21730
-16103,21723
-16105,21711
-16105,21702
-16104,21697
-16101,21688
-16096,21680
-16090,21673
-16080,21665
-16063,21665
-16042,21669
-15974,21694
-15927,21721
-15891,21751
-15860,21788
-15835,21832
-15817,21881
-15808,21933
-15808,21954
-15811,21972
-15818,21991
-15829,22010
-15846,22031
-15871,22052
-15903,22071
-15955,22090
-16131,22121
-16251,22121
-16286,22115
-16302,22109
-16315,22102
-16323,22095
-16331,22086
-16337,22076
-16341,22064
-16343,22055
-16343,22041
-16341,22032
-16337,22021
-16330,22009
-16324,22002
-16315,21994
-16293,21994
-16268,21998
-16218,22016
-16161,22049
-16116,22087
-16080,22130
-16052,22178
-16045,22198
-16041,22220
-16041,22235
-16044,22254
-16049,22269
-16059,22287
-16073,22303
-16091,22318
-16116,22332
-16154,22346
-16207,22355
-16370,22355
-16480,22336
-16510,22325
-16530,22313
-16542,22303
-16552,22291
-16559,22279
-16562,22270
-16563,22263
-16563,22253
-16561,22244
-16557,22234
-16553,22227
-16547,22220
-16538,22212
-16523,22203
-16505,22203
-16476,22208
-16428,22225
-16362,22263
-16312,22305
-16295,22326
-16283,22346
-16275,22368
-16272,22384
-16272,22404
-16275,22420
-16281,22437
-16290,22453
-16304,22470
-16321,22484
-16346,22498
-16380,22510
-16435,22520
-16593,22520
-16693,22502
-16770,22474
-16790,22463
-16802,22453
-16811,22442
-16816,22433
-16819,22424
-16820,22416
-16820,22407
-16818,22398
-16814,22388
-16810,22381
-16803,22373
-16795,22366
-16784,22360
-16766,22360
-16741,22364
-16695,22381
-16627,22420
-16600,22443
-16581,22466
-16570,22484
-16563,22504
-16559,22526
-16559,22547
-16562,22564
-16568,22582
-16578,22599
-16591,22615
-16610,22631
-16637,22646
-16672,22659
-16729,22669
-16878,22669
-16971,22653
-17038,22628
-17059,22616
-17070,22607
-17077,22599
-17083,22588
-17086,22580
-17087,22573
-17087,22565
-17086,22557
-17083,22550
-17080,22545
-17072,22536
-17064,22529
-17053,22522
-17037,22522
-17018,22525
-16978,22540
-16899,22586
-16869,22611
-16850,22634
-16837,22656
-16830,22676
-16827,22695
-16827,22715
-16830,22733
-16836,22749
-16845,22765
-16860,22783
-16878,22798
-16904,22813
-16942,22827
-17035,22843
-17175,22843
-17248,22830
-17303,22810
-17344,22786
-17392,22746
-17398,22739
-17403,22730
-17406,22721
-17408,22712
-17408,22704
-17407,22697
-17404,22689
-17402,22685
-17398,22680
-17395,22677
-17387,22672
-17374,22672
-17363,22674
-17334,22685
-17281,22715
-17250,22741
-17229,22766
-17216,22788
-17208,22809
-17204,22832
-17204,22855
-17208,22876
-17216,22897
-17227,22916
-17242,22934
-17263,22952
-17292,22969
-17334,22984
-17484,23010
-17619,23010
-17680,22999
-17726,22982
-17761,22962
-17795,22934
-17839,22882
-17856,22853
-17867,22824
-17869,22815
-17869,22807
-17868,22801
-17866,22795
-17862,22789
-17857,22784
-17850,22778
-17837,22778
-17821,22781
-17797,22790
-17688,22853
-17643,22891
-17616,22923
-17601,22948
-17593,22969
-17589,22992
-17589,23014
-17592,23033
-17600,23055
-17611,23075
-17626,23093
-17644,23108
-17669,23122
-17700,23133
-17768,23145
-17897,23145
-18021,23123
-18069,23105
-18106,23084
-18131,23063
-18153,23037
-18171,23005
-18199,22927
-18215,22835
-18215,22809
-18210,22782
-18199,22753
-18181,22721
-18169,22707
-18157,22697
-18147,22691
-18136,22687
-18114,22687
-18094,22691
-18065,22701
-17948,22769
-17902,22807
-17878,22836
-17862,22864
-17852,22893
-17848,22915
-17848,22935
-17851,22954
-17857,22970
-17869,22990
-17885,23009
-17906,23027
-17933,23043
-17984,23062
-18049,23073
-18146,23073
-18265,23052
-18301,23039
-18327,23024
-18348,23006
-18365,22985
-18377,22964
-18384,22943
-18394,22885
-18394,22849
-18389,22822
-18380,22797
-18362,22765
-18331,22729
-18274,22681
-18256,22670
-18229,22670
-18202,22675
-18175,22685
-18052,22756
-18001,22799
-17972,22834
-17954,22865
-17944,22893
-17939,22920
-17939,22945
-17943,22967
-17952,22990
-17963,23009
-17981,23030
-18005,23050
-18046,23074
-18099,23093
-18193,23110
-18239,23110
-18270,23105
-18290,23098
-18307,23088
-18321,23076
-18329,23066
-18337,23052
-18343,23036
-18357,22955
-18357,22903
-18351,22867
-18341,22839
-18328,22817
-18306,22791
-18268,22759
-18151,22692
-18116,22692
-18082,22698
-18047,22711
-17915,22787
-17856,22837
-17822,22877
-17800,22915
-17788,22947
-17783,22977
-17783,23007
-17788,23033
-17797,23059
-17811,23083
-17831,23107
-17866,23136
-17911,23162
-17975,23185
-18137,23214
-18230,23214
-18250,23210
-18264,23205
-18278,23197
-18287,23189
-18293,23182
-18297,23175
-18300,23166
-18302,23156
-18302,23145
-18300,23135
-18297,23126
-18293,23119
-18273,23095
-18252,23077
-18228,23063
-18162,23039
-18120,23039
-18074,23047
-17924,23102
-17871,23133
-17838,23160
-17814,23189
-17799,23216
-17790,23242
-17785,23269
-17785,23294
-17789,23319
-17799,23346
-17819,23380
-17847,23414
-17884,23445
-17947,23481
-18079,23529
-18162,23544
-18178,23544
-18190,23542
-18199,23539
-18208,23534
-18214,23529
-18218,23524
-18221,23519
-18223,23513
-18224,23509
-18224,23501
-18222,23489
-18219,23480
-18213,23469
-18204,23458
-18176,23434
-18135,23411
-18081,23411
-18026,23421
-17940,23452
-17897,23477
-17870,23500
-17851,23523
-17838,23546
-17830,23569
-17826,23592
-17826,23616
-17832,23648
-17843,23677
-17862,23709
-17884,23735
-17915,23761
-17978,23798
-18098,23842
-18166,23854
-18186,23854
-18196,23852
-18204,23849
-18213,23844
-18219,23839
-18221,23836
-18226,23828
-18228,23822
-18229,23815
-18229,23809
-18228,23801
-18225,23792
-18221,23784
-18214,23775
-18198,23761
-18157,23737
-18091,23737
-18014,23751
-17965,23769
-17936,23786
-17916,23803
-17901,23821
-17890,23840
-17882,23861
-17878,23885
-17878,23911
-17883,23941
-17891,23963
-17903,23984
-17920,24004
-17945,24025
-18003,24058
-18131,24105
-18193,24116
-18265,24116
-18287,24112
-18302,24107
-18313,24101
-18319,24096
-18324,24090
-18328,24084
-18331,24075
-18332,24068
-18332,24059
-18330,24049
-18327,24041
-18321,24031
-18312,24020
-18295,24005
-18246,23977
-18167,23977
-18043,23999
-18005,24013
-17980,24027
-17961,24043
-17945,24062
-17932,24084
-17924,24106
-17920,24128
-17920,24147
-17923,24163
-17929,24179
-17940,24197
-17957,24217
-17984,24239
-18046,24275
-18162,24317
-18206,24325
-18262,24325
-18337,24312
-18442,24274
-18455,24267
-18466,24258
-18473,24250
-18478,24242
-18481,24233
-18483,24222
-18483,24211
-18481,24198
-18477,24186
-18470,24174
-18459,24161
-18443,24148
-18402,24124
-18316,24124
-18186,24147
-18145,24162
-18116,24179
-18089,24202
-18069,24226
-18056,24248
-18050,24266
-18047,24283
-18047,24305
-18051,24325
-18059,24347
-18072,24370
-18093,24395
-18130,24426
-18230,24484
-18259,24494
-18297,24501
-18347,24501
-18409,24490
-18498,24458
-18522,24444
-18531,24437
-18538,24429
-18542,24422
-18544,24415
-18545,24408
-18545,24398
-18544,24392
-18541,24385
-18537,24379
-18530,24371
-18522,24364
-18505,24354
-18489,24354
-18388,24372
-18252,24421
-18207,24447
-18172,24476
-18151,24501
-18139,24523
-18131,24544
-18127,24566
-18127,24591
-18132,24618
-18141,24644
-18156,24671
-18177,24696
-18213,24726
-18228,24735
-18246,24742
-18267,24746
-18291,24746
-18321,24741
-18364,24725
-18424,24690
-18514,24614
-18557,24563
-18568,24543
-18575,24525
-18578,24511
-18578,24495
-18575,24480
-18571,24468
-18567,24461
-18559,24451
-18550,24443
-18541,24438
-18531,24434
-18515,24434
-18499,24437
-18480,24444
-18422,24477
-18377,24515
-18351,24546
-18333,24578
-18321,24611
-18315,24644
-18315,24677
-18321,24713
-18327,24728
-18335,24741
-18344,24752
-18354,24760
-18367,24767
-18384,24773
-18403,24776
-18425,24776
-18451,24771
-18487,24758
-18533,24732
-18613,24665
-18630,24645
-18639,24629
-18642,24620
-18644,24609
-18644,24599
-18642,24589
-18640,24583
-18635,24575
-18630,24569
-18621,24561
-18609,24554
-18599,24554
-18584,24557
-18568,24563
-18540,24579
-18475,24633
-18427,24690
-18401,24736
-18385,24781
-18378,24822
-18378,24845
-18381,24865
-18388,24883
-18395,24896
-18405,24908
-18415,24916
-18427,24923
-18443,24929
-18460,24932
-18479,24932
-18497,24929
-18520,24921
-18550,24903
-18584,24875
-18641,24807
-18659,24775
-18667,24753
-18670,24735
-18670,24717
-18668,24705
-18663,24692
-18657,24682
-18652,24676
-18644,24669
-18635,24664
-18625,24660
-18616,24660
-18599,24663
-18581,24670
-18560,24682
-18482,24748
-18429,24811
-18398,24864
-18378,24918
-18372,24953
-18372,24977
-18375,24995
-18380,25010
-18387,25022
-18397,25033
-18408,25042
-18419,25048
-18435,25054
-18450,25057
-18469,25057
-18491,25053
-18516,25044
-18540,25030
-18575,25001
-18625,24942
-18647,24904
-18655,24881
-18658,24864
-18658,24852
-18656,24841
-18652,24829
-18648,24822
-18642,24815
-18635,24809
-18627,24804
-18618,24801
-18611,24801
-18600,24803
-18584,24809
-18568,24818
-18545,24837
-18479,24915
-18442,24979
-18418,25045
-18412,25079
-18412,25105
-18416,25128
-18423,25148
-18430,25161
-18442,25175
-18456,25186
-18470,25194
-18486,25200
-18501,25203
-18519,25203
-18536,25200
-18557,25192
-18584,25176
-18614,25151
-18662,25094
-18681,25061
-18687,25044
-18689,25031
-18689,25018
-18688,25010
-18685,25002
-18680,24993
-18675,24987
-18668,24981
-18658,24975
-18648,24971
-18634,24971
-18623,24973
-18610,24978
-18593,24988
-18570,25007
-18493,25098
-18447,25178
-18426,25236
-18419,25275
-18419,25306
-18423,25331
-18430,25351
-18439,25366
-18451,25380
-18460,25387
-18473,25394
-18485,25399
-18498,25401
-18514,25401
-18535,25397
-18557,25389
-18580,25376
-18611,25350
-18710,25233
-18722,25213
-18728,25196
-18730,25185
-18730,25176
-18728,25167
-18725,25160
-18722,25155
-18716,25147
-18712,25143
-18705,25139
-18691,25139
-18679,25141
-18667,25145
-18650,25155
-18631,25171
-18544,25275
-18491,25367
-18470,25423
-18463,25463
-18463,25492
-18467,25517
-18472,25532
-18481,25547
-18490,25558
-18497,25564
-18508,25570
-18520,25574
-18534,25576
-18547,25576
-18562,25573
-18577,25567
-18597,25556
-18623,25534
-18709,25431
-18800,25273
-18810,25245
-18813,25226
-18813,25212
-18811,25200
-18808,25191
-18803,25182
-18796,25174
-18788,25167
-18781,25163
-18771,25159
-18763,25159
-18754,25161
-18746,25164
-18733,25172
-18719,25183
-18700,25205
-18636,25315
-18608,25391
-18599,25444
-18599,25476
-18604,25503
-18611,25523
-18621,25540
-18633,25555
-18645,25565
-18659,25573
-18674,25579
-18691,25582
-18711,25582
-18731,25578
-18754,25570
-18780,25555
-18862,25486
-18944,25389
-19031,25238
-19062,25154
-19065,25140
-19065,25128
-19063,25119
-19061,25114
-19057,25107
-19052,25102
-19049,25099
-19041,25095
-19038,25094
-19029,25094
-19018,25096
-19006,25100
-18995,25106
-18979,25119
-18955,25147
-18883,25273
-18854,25353
-18846,25401
-18846,25431
-18850,25454
-18857,25473
-18866,25489
-18877,25502
-18889,25512
-18904,25521
-18919,25527
-18934,25530
-18952,25530
-18971,25527
-18993,25519
-19079,25470
-19151,25410
-19223,25324
-19301,25189
-19330,25109
-19344,25032
-19344,24956
-19329,24870
-19325,24859
-19319,24848
-19312,24840
-19303,24833
-19295,24828
-19281,24828
-19268,24830
-19253,24836
-19238,24845
-19219,24861
-19197,24887
-19118,25023
-19089,25102
-19081,25146
-19081,25177
-19085,25201
-19090,25215
-19098,25229
-19108,25241
-19122,25252
-19137,25261
-19152,25266
-19168,25269
-19302,25269
-19416,25249
-19493,25221
-19571,25176
-19648,25111
-19738,25004
-19769,24950
-19793,24884
-19805,24817
-19805,24743
-19792,24666
-19758,24574
-19672,24425
-19565,24298
-19443,24196
-19315,24196
-19285,24201
-19264,24209
-19247,24219
-19229,24234
-19206,24262
-19122,24407
-19089,24498
-19081,24541
-19081,24572
-19085,24597
-19092,24615
-19100,24629
-19110,24641
-19123,24652
-19141,24663
-19167,24672
-19231,24683
-19403,24683
-19532,24660
-19621,24628
-19680,24594
-19742,24542
-19804,24469
-19870,24355
-19937,24171
-19947,24115
-19947,24046
-19936,23983
-19914,23923
-19878,23861
-19822,23795
-19686,23681
-19544,23599
-19488,23599
-19452,23605
-19423,23616
-19398,23631
-19364,23659
-19253,23791
-19207,23871
-19192,23912
-19188,23937
-19188,23963
-19191,23979
-19198,23997
-19211,24019
-19226,24037
-19253,24059
-19297,24085
-19450,24141
-19569,24162
-19692,24162
-19762,24150
-19823,24128
-19887,24091
-19953,24036
-20032,23941
-20116,23796
-20133,23749
-20144,23689
-20144,23634
-20133,23572
-20108,23502
-20061,23420
-19949,23287
-19820,23179
-19725,23179
-19678,23187
-19640,23201
-19609,23219
-19570,23252
-19456,23388
-19423,23446
-19412,23477
-19407,23504
-19407,23529
-19411,23554
-19419,23577
-19433,23602
-19455,23628
-19492,23659
-19554,23695
-19665,23735
-19770,23753
-19827,23753
-19886,23743
-19953,23719
-20019,23681
-20105,23609
-20209,23486
-20238,23436
-20253,23394
-20263,23339
-20263,23279
-20251,23213
-20224,23139
-20133,22982
-20021,22848
-19829,22848
-19635,22882
-19540,22916
-19481,22950
-19430,22993
-19361,23076
-19279,23219
-19264,23262
-19257,23303
-19257,23347
-19264,23387
-19279,23427
-19303,23469
-19338,23511
-19392,23556
-19488,23612
-19618,23659
-19714,23676
-19812,23676
-19843,23671
-19873,23660
-19904,23642
-19933,23618
-19963,23583
-19993,23531
-20043,23395
-20075,23213
-20075,23065
-20064,23000
-20047,22952
-20027,22917
-19988,22871
-19929,22821
-19734,22821
-19596,22845
-19500,22880
-19433,22919
-19362,22979
-19324,23025
-19296,23074
-19277,23126
-19267,23182
-19267,23241
-19278,23303
-19304,23376
-19374,23497
-19463,23603
-19483,23620
-19505,23633
-19528,23641
-19554,23646
-19580,23646
-19610,23641
-19635,23632
-19667,23614
-19713,23576
-19795,23478
-19884,23325
-19933,23189
-19960,23038
-19960,22979
-19952,22932
-19937,22892
-19918,22859
-19878,22811
-19839,22811
-19801,22818
-19673,22865
-19583,22917
-19512,22976
-19462,23035
-19426,23097
-19401,23166
-19388,23242
-19388,23321
-19404,23411
-19415,23441
-19431,23468
-19449,23489
-19468,23505
-19491,23518
-19511,23525
-19535,23529
-19557,23529
-19582,23525
-19608,23515
-19645,23494
-19686,23460
-19757,23376
-19850,23215
-19907,23057
-19932,22913
-19932,22794
-19907,22651
-19891,22608
-19867,22566
-19840,22533
-19810,22508
-19697,22508
-19657,22515
-19615,22530
-19574,22554
-19468,22643
-19391,22735
-19332,22837
-19286,22965
-19269,23060
-19269,23159
-19286,23258
-19322,23358
-19344,23397
-19367,23425
-19388,23443
-19411,23456
-19432,23464
-19455,23468
-19481,23468
-19508,23463
-19533,23454
-19558,23439
-19585,23416
-19613,23382
-19655,23309
-19686,23224
-19720,23032
-19720,22899
-19702,22797
-19661,22683
-19594,22567
-19479,22430
-19446,22402
-19411,22382
-19379,22382
-19347,22388
-19316,22399
-19256,22434
-19222,22462
-19188,22503
-19124,22615
-19084,22726
-19064,22840
-19064,22958
-19085,23080
-19105,23134
-19126,23171
-19150,23199
-19178,23222
-19210,23240
-19239,23250
-19272,23256
-19307,23256
-19342,23250
-19444,23213
-19518,23171
-19574,23124
-19620,23069
-19674,22975
-19720,22849
-19739,22741
-19739,22650
-19725,22569
-19688,22467
-19620,22349
-19492,22197
-19346,22075
-19171,22075
-19077,22092
-19022,22112
-18983,22134
-18956,22157
-18940,22176
-18924,22203
-18905,22254
-18873,22435
-18873,22569
-18897,22705
-18947,22842
-18990,22916
-19033,22968
-19079,23007
-19127,23034
-19174,23051
-19220,23059
-19340,23059
-19520,23027
-19616,22992
-19680,22955
-19726,22916
-19774,22858
-19828,22764
-19882,22616
-19912,22447
-19912,22361
-19897,22276
-19877,22220
-19849,22172
-19799,22112
-19728,22052
-19604,21980
-19439,21920
-19286,21920
-19128,21948
-19051,21976
-19003,22004
-18968,22033
-18943,22063
-18924,22095
-18900,22161
-18894,22193
-18894,22223
-18919,22365
-18973,22512
-19060,22662
-19124,22739
-19184,22789
-19250,22827
-19316,22851
-19421,22869
-19562,22869
-19699,22845
-19779,22816
-19846,22777
-19915,22719
-19987,22633
-20059,22508
-20085,22437
-20096,22373
-20096,22332
-20089,22293
-20069,22238
-20037,22183
-19990,22127
-19903,22054
-19768,21976
-19650,21976
-19533,21997
-19413,22041
-19357,22073
-19319,22105
-19291,22138
-19271,22173
-19259,22207
-19254,22238
-19254,22273
-19260,22309
-19273,22343
-19300,22389
-19331,22426
-19431,22510
-19527,22566
-19631,22604
-19770,22629
-19890,22629
-20001,22609
-20117,22567
-20240,22496
-20374,22384
-20394,22360
-20408,22335
-20421,22298
-20427,22263
-20427,22231
-20421,22197
-20407,22159
-20386,22123
-20355,22086
-20309,22048
-20227,22001
-20116,21961
-20034,21961
-19954,21975
-19851,22012
-19773,22057
-19733,22091
-19707,22122
-19688,22156
-19675,22193
-19669,22228
-19669,22264
-19675,22299
-19687,22333
-19708,22370
-19737,22404
-19781,22441
-19844,22477
-19981,22527
-20121,22552
-20259,22552
-20407,22526
-20456,22508
-20505,22480
-20535,22455
-20560,22425
-20577,22396
-20588,22365
-20593,22338
-20593,22304
-20587,22272
-20575,22239
-20554,22202
-20522,22164
-20472,22122
-20397,22079
-20321,22051
-20266,22051
-20213,22060
-20155,22081
-20092,22117
-20037,22163
-19985,22225
-19927,22326
-19916,22356
-19910,22388
-19910,22419
-19916,22451
-19928,22484
-19947,22518
-19975,22552
-20017,22587
-20078,22622
-20180,22659
-20346,22688
-20517,22688
-20594,22674
-20654,22652
-20694,22629
-20724,22604
-20746,22577
-20762,22550
-20773,22520
-20779,22487
-20779,22454
-20773,22421
-20761,22389
-20740,22352
-20708,22314
-20660,22274
-20609,22245
-20562,22228
-20523,22228
-20484,22235
-20445,22249
-20386,22283
-20344,22318
-20307,22362
-20256,22450
-20205,22590
-20179,22735
-20179,22881
-20184,22909
-20193,22935
-20210,22964
-20234,22992
-20271,23023
-20323,23053
-20410,23085
-20592,23117
-20779,23117
-20873,23100
-20942,23075
-20987,23049
-21023,23019
-21051,22986
-21070,22952
-21083,22917
-21089,22881
-21089,22844
-21082,22805
-21068,22766
-21042,22721
-21012,22685
-20979,22657
-20948,22639
-20911,22625
-20880,22625
-20849,22630
-20817,22641
-20771,22667
-20736,22696
-20706,22732
-20679,22778
-20644,22875
-20621,23005
-20621,23142
-20626,23173
-20635,23198
-20649,23222
-20671,23248
-20708,23279
-20768,23314
-20949,23380
-21134,23413
-21243,23413
-21327,23398
-21386,23377
-21435,23349
-21475,23316
-21503,23283
-21525,23245
-21540,23203
-21548,23159
-21548,23113
-21539,23061
-21524,23020
-21505,22988
-21482,22961
-21457,22940
-21433,22926
-21406,22926
-21331,22939
-21282,22957
-21253,22974
-21225,22998
-21200,23028
-21176,23069
-21145,23155
-21124,23275
-21124,23399
-21147,23530
-21171,23597
-21181,23615
-21193,23629
-21211,23644
-21247,23665
-21328,23695
-21443,23715
-21523,23715
-21588,23703
-21645,23682
-21694,23653
-21735,23619
-21770,23578
-21796,23533
-21816,23478
-21825,23428
-21825,23389
-21819,23354
-21808,23324
-21795,23301
-21780,23283
-21753,23283
-21720,23289
-21694,23298
-21669,23312
-21642,23335
-21601,23384
-21569,23439
-21531,23544
-21514,23643
-21514,23753
-21533,23862
-21574,23975
-21601,24022
-21633,24060
-21665,24087
-21701,24108
-21818,24151
-21834,24154
-21849,24154
-21864,24151
-21970,24112
-22052,24065
-22115,24012
-22165,23953
-22202,23888
-22227,23820
-22240,23745
-22240,23677
-22231,23628
-22217,23590
-22201,23562
-22178,23535
-22136,23500
-22031,23440
-21996,23440
-21954,23447
-21893,23469
-21849,23494
-21809,23528
-21768,23577
-21722,23656
-21675,23784
-21661,23865
-21661,23949
-21675,24027
-21704,24107
-21751,24188
-21819,24269
-21939,24369
-21966,24385
-21993,24395
-22030,24401
-22059,24401
-22087,24396
-22118,24385
-22153,24365
-22180,24342
-22199,24320
-22211,24299
-22219,24276
-22236,24182
-22236,24084
-22219,23987
-22186,23896
-22154,23840
-22119,23798
-22068,23756
-22030,23734
-21994,23721
-21961,23715
-21891,23715
-21836,23725
-21782,23745
-21727,23777
-21660,23833
-21603,23901
-21568,23962
-21549,24015
-21538,24077
-21538,24133
-21548,24191
-21569,24249
-21604,24309
-21656,24371
-21725,24429
-21843,24497
-22024,24563
-22042,24566
-22055,24566
-22070,24563
-22087,24557
-22102,24548
-22122,24531
-22141,24508
-22163,24470
-22178,24428
-22186,24383
-22186,24259
-22163,24131
-22131,24043
-22090,23972
-22052,23927
-22011,23893
-21959,23863
-21882,23835
-21807,23835
-21729,23849
-21617,23890
-21536,23937
-21480,23984
-21442,24030
-21416,24074
-21400,24118
-21392,24163
-21392,24209
-21400,24254
-21416,24299
-21442,24345
-21479,24389
-21534,24435
-21627,24488
-21768,24539
-21909,24564
-22054,24564
-22096,24557
-22121,24548
-22142,24536
-22158,24522
-22170,24507
-22175,24498
-22178,24489
-22180,24475
-22180,24461
-22178,24451
-22173,24437
-22118,24342
-22057,24269
-21996,24217
-21928,24177
-21773,24121
-21665,24121
-21556,24140
-21445,24180
-21374,24221
-21329,24259
-21299,24295
-21276,24335
-21261,24376
-21254,24417
-21254,24458
-21261,24499
-21276,24540
-21299,24580
-21349,24640
-21409,24690
-21490,24737
-21624,24786
-21735,24806
-21847,24806
-21963,24786
-22008,24770
-22034,24755
-22054,24738
-22069,24720
-22078,24704
-22086,24683
-22090,24660
-22090,24643
-22087,24626
-22079,24605
-22066,24583
-22047,24561
-22021,24539
-21922,24482
-21743,24417
-21609,24417
-21504,24435
-21430,24462
-21376,24493
-21336,24527
-21308,24560
-21286,24598
-21273,24633
-21266,24675
-21266,24717
-21279,24790
-21302,24852
-21332,24904
-21378,24959
-21449,25018
-21594,25102
-21740,25155
-21829,25171
-21920,25171
-22013,25155
-22111,25119
-22139,25103
-22164,25082
-22186,25056
-22199,25033
-22207,25012
-22211,24992
-22211,24971
-22208,24951
-22200,24929
-22186,24904
-22165,24879
-22139,24858
-22093,24832
-21913,24767
-21752,24767
-21637,24787
-21564,24814
-21507,24847
-21463,24884
-21433,24920
-21409,24961
-21373,25059
-21361,25127
-21361,25183
-21370,25234
-21389,25287
-21419,25339
-21468,25397
-21544,25461
-21695,25548
-21818,25593
-21879,25604
-21942,25604
-22009,25592
-22077,25567
-22152,25523
-22231,25456
-22329,25339
-22339,25321
-22345,25303
-22349,25280
-22349,25249
-22344,25220
-22334,25193
-22316,25162
-22281,25121
-22216,25066
-22042,25066
-21864,25097
-21731,25145
-21645,25194
-21585,25244
-21541,25296
-21509,25352
-21459,25488
-21447,25557
-21447,25612
-21457,25666
-21478,25723
-21510,25779
-21558,25836
-21625,25892
-21740,25958
-21926,26026
-21972,26034
-22017,26034
-22067,26025
-22116,26007
-22162,25980
-22210,25940
-22261,25879
-22329,25761
-22382,25616
-22408,25471
-22408,25430
-22403,25403
-22395,25380
-22386,25364
-22372,25347
-22345,25324
-22284,25289
-22206,25289
-22026,25321
-21879,25375
-21775,25435
-21704,25495
-21654,25554
-21617,25618
-21565,25761
-21553,25831
-21553,25897
-21564,25957
-21587,26021
-21625,26087
-21680,26152
-21760,26219
-21896,26297
-21938,26312
-21982,26320
-22025,26320
-22070,26312
-22110,26297
-22150,26274
-22194,26237
-22239,26183
-22301,26075
-22349,25942
-22376,25786
-22376,25734
-22369,25693
-22359,25664
-22346,25641
-22331,25623
-22315,25609
-22297,25599
-22271,25599
-22241,25604
-22212,25615
-22183,25632
-22092,25708
-22029,25783
-21982,25865
-21924,26023
-21910,26105
-21910,26184
-21924,26266
-21954,26348
-22002,26431
-22074,26516
-22106,26543
-22140,26563
-22176,26576
-22211,26582
-22244,26582
-22280,26576
-22315,26563
-22354,26540
-22394,26507
-22473,26413
-22527,26319
-22562,26223
-22587,26083
-22587,25967
-22565,25842
-22552,25806
-22535,25777
-22513,25751
-22490,25731
-22469,25719
-22437,25719
-22410,25724
-22336,25751
-22305,25769
-22274,25795
-22244,25831
-22183,25936
-22144,26043
-22125,26149
-22125,26260
-22146,26377
-22168,26437
-22193,26480
-22219,26511
-22247,26534
-22274,26550
-22308,26562
-22344,26568
-22381,26568
-22417,26562
-22532,26520
-22615,26472
-22682,26415
-22735,26352
-22793,26252
-22835,26137
-22855,26021
-22855,25933
-22836,25826
-22797,25718
-22721,25586
-22596,25438
-22572,25418
-22387,25418
-22200,25451
-22112,25483
-22056,25516
-22007,25557
-21978,25592
-21947,25646
-21917,25727
-21888,25889
-21888,26037
-21915,26188
-21946,26272
-21978,26328
-22014,26371
-22047,26398
-22086,26421
-22148,26444
-22257,26463
-22376,26463
-22436,26452
-22487,26433
-22520,26414
-22561,26379
-22611,26320
-22672,26215
-22700,26139
-22714,26060
-22714,25994
-22704,25939
-22684,25884
-22637,25802
-22516,25658
-22467,25658
-22280,25691
-22163,25734
-22079,25783
-22017,25835
-21969,25892
-21922,25974
-21860,26143
-21828,26323
-21828,26408
-21840,26474
-21863,26537
-21903,26607
-21978,26697
-22066,26771
-22096,26789
-22130,26801
-22166,26807
-22203,26807
-22243,26800
-22289,26783
-22341,26753
-22403,26701
-22479,26611
-22512,26554
-22531,26501
-22540,26450
-22540,26395
-22531,26346
-22514,26300
-22492,26261
